month,total_usage,total_enrolment,usage_gap,usage_trend_fitted
2025-03-01,16512374.0,5117228.0,11395146.0,0.0
2025-04-01,9548961.0,5104039.0,4444922.0,9629978.268202044
2025-05-01,8819724.0,5113706.0,3706018.0,9703217.387875415
2025-06-01,8940233.0,5112070.0,3828163.0,9277965.189588955
2025-07-01,11303444.0,5123434.0,6180010.0,9110602.415794313
2025-09-01,12486766.0,5223895.0,7262871.0,10142269.349568065
2025-10-01,8067009.0,5219590.0,2847419.0,11266620.360151088
2025-11-01,13855108.0,5224242.0,8630866.0,9778811.298670284
2025-12-01,15324989.0,5227120.0,10097869.0,11671575.73597363
